,transmitance_filename,PDMS #,RPM,RPM_std,thickness (um),thickness_std
0,12-09-24_trans_PDMS_4k_1min.TRM,test1,3726.713825413873,1.8899683829480904,12.025000000000002,0.8882102272727275
1,12-09-24_trans_PDMS_5k_2min.SSM,test2,5523.750090442081,3.3705773483277386,6.166666666666668,0.45549242424242437
