,filename,RPM,std
0,TEK0000.CSV,5604.93456703177,7.3456316056712945
1,TEK0001.CSV,4579.164402391075,2.6158523427579574
2,TEK0003.CSV,4055.7777164920026,1.6689289791641477
3,TEK0004.CSV,3680.08382714265,1.9790524552146465
4,TEK0006.CSV,3203.304830338623,2.1846809237189926
5,TEK0007.CSV,2672.9275781108904,2.203133630459934
6,TEK0009.CSV,1723.4063524675441,2.004842307982035
