,transmitance_filename,RPM_filename,PDMS #,RPM,RPM_std,thickness (um),thickness_std,min_wavelength,max_wavelength,n_max
0,12-09-24_trans_PDMS_1.TRM,PDMS RPM 1.CSV,1,5604.93456703177,7.3456316056712945,10.791666666666668,0.7971117424242425,440,740,35.0
1,12-09-24_trans_PDMS_2.TRM,PDMS RPM 2.CSV,2,4579.164402391075,2.6158523427579574,13.875000000000002,1.0248579545454546,440,740,45.0
2,12-09-24_trans_PDMS_3.TRM,PDMS RPM 3.CSV,3,4055.7777164920026,1.6689289791641475,14.609795091876213,1.0791325920135841,523,711,26.0
3,12-09-24_trans_PDMS_4.TRM,PDMS RPM 4.CSV,4,3680.08382714265,1.9790524552146465,16.650000000000002,1.2298295454545456,440,740,54.0
4,12-09-24_trans_PDMS_5.TRM,PDMS RPM 5.CSV,5,3203.304830338623,2.1846809237189926,22.232052483598878,1.6421402402658265,512,706,42.0
5,12-09-24_trans_PDMS_6.TRM,PDMS RPM 6.CSV,6,2672.9275781108904,2.203133630459934,23.536088709677433,1.7384610978739015,561,654,21.0
